"pitch_id","deal_on_show","season","episode","description_words"
1,1,8,26,58
2,0,8,26,31
3,0,8,26,71
4,1,8,26,37
5,1,8,24,43
6,1,8,24,34
7,1,8,24,40
8,1,8,24,35
9,0,8,23,14
10,1,8,23,52
11,1,8,23,33
12,0,8,23,43
13,1,8,22,38
14,0,8,22,35
15,1,8,22,63
16,1,8,22,37
17,1,8,20,38
18,1,8,20,41
19,1,8,20,25
20,0,8,20,42
21,1,8,19,84
22,0,8,19,41
23,1,8,19,31
24,1,8,19,48
25,1,8,18,42
26,0,8,18,35
27,1,8,18,59
28,1,8,18,39
29,0,8,17,37
30,0,8,17,56
31,0,8,17,30
32,1,8,17,60
33,1,8,16,29
34,1,8,16,20
35,0,8,16,25
36,1,8,16,49
37,1,8,15,39
38,0,8,15,42
39,1,8,15,46
40,0,8,15,42
41,1,8,14,36
42,0,8,14,34
43,1,8,14,42
44,1,8,14,48
45,0,8,13,30
46,1,8,13,36
47,0,8,13,23
48,0,8,13,42
49,1,8,12,20
50,1,8,12,50
51,0,8,12,37
52,1,8,12,53
53,1,8,11,34
54,0,8,11,37
55,0,8,11,28
56,1,8,11,24
57,0,8,10,6
58,0,8,10,29
59,1,8,10,41
60,1,8,10,37
61,1,8,9,7
62,1,8,9,36
63,1,8,9,46
64,1,8,9,58
65,0,8,8,49
66,1,8,8,35
67,0,8,8,37
68,1,8,8,48
69,1,8,7,30
70,1,8,7,51
71,0,8,7,35
72,0,8,7,39
73,0,8,6,59
74,1,8,6,47
75,0,8,6,36
76,1,8,6,62
77,0,8,5,41
78,1,8,5,37
79,1,8,5,44
80,0,8,5,46
81,1,8,4,45
82,1,8,4,35
83,1,8,4,67
84,0,8,4,54
85,1,8,3,9
86,0,8,3,46
87,1,8,3,12
88,1,8,3,45
89,1,8,2,51
90,0,8,2,50
91,1,8,2,50
92,1,8,2,38
93,1,8,1,49
94,0,8,1,30
95,1,8,1,64
96,0,8,1,35
97,1,7,29,27
98,1,7,29,16
99,1,7,29,30
100,0,7,29,33
101,1,7,28,42
102,0,7,28,43
103,1,7,28,26
104,1,7,28,38
105,0,7,27,30
106,1,7,27,55
107,1,7,27,20
108,0,7,27,47
109,1,7,26,40
110,0,7,26,25
111,1,7,26,22
112,0,7,26,26
113,1,7,25,43
114,0,7,25,38
115,1,7,25,36
116,1,7,25,30
117,0,7,24,20
118,1,7,24,46
119,0,7,24,24
120,0,7,24,33
121,0,7,23,31
122,0,7,23,31
123,0,7,23,21
124,1,7,23,31
125,0,7,22,34
126,1,7,22,28
127,0,7,22,14
128,1,7,22,24
129,1,7,21,23
130,0,7,21,35
131,0,7,21,26
132,0,7,21,29
133,1,7,20,31
134,1,7,20,30
135,0,7,20,29
136,0,7,20,26
137,1,7,19,40
138,1,7,19,38
139,0,7,19,27
140,1,7,19,29
141,0,7,18,20
142,1,7,18,36
143,1,7,18,34
144,1,7,18,29
145,0,7,17,32
146,1,7,17,48
147,1,7,17,33
148,0,7,17,34
149,1,7,16,46
150,0,7,16,31
151,0,7,16,29
152,1,7,16,21
153,1,7,15,30
154,1,7,15,44
155,1,7,15,36
156,1,7,15,45
157,1,7,14,46
158,0,7,14,31
159,1,7,14,27
160,1,7,14,23
161,1,7,13,32
162,1,7,13,27
163,1,7,13,32
164,0,7,13,42
165,0,7,12,35
166,1,7,12,36
167,1,7,12,30
168,1,7,12,20
169,0,7,11,32
170,1,7,11,29
171,1,7,11,42
172,1,7,11,35
173,0,7,10,26
174,1,7,10,31
175,0,7,10,51
176,1,7,10,34
177,0,7,9,42
178,1,7,9,33
179,1,7,9,31
180,1,7,9,33
181,0,7,8,40
182,1,7,8,49
183,1,7,8,46
184,0,7,8,45
185,1,7,7,45
186,1,7,7,56
187,1,7,7,54
188,0,7,7,29
189,1,7,6,28
190,0,7,6,37
191,0,7,6,40
192,1,7,6,32
193,0,7,5,35
194,0,7,5,39
195,1,7,5,42
196,1,7,5,60
197,0,7,4,40
198,1,7,4,63
199,1,7,4,31
200,1,7,4,42
201,1,7,3,36
202,0,7,3,33
203,1,7,3,36
204,0,7,3,24
205,1,7,2,6
206,0,7,2,40
207,1,7,2,46
208,0,7,2,53
209,0,7,1,35
210,0,7,1,47
211,1,7,1,56
212,1,7,1,36
213,0,6,29,39
214,0,6,29,11
215,0,6,29,4
216,1,6,29,66
217,1,6,28,4
218,0,6,28,9
219,0,6,28,72
220,0,6,28,107
221,0,6,27,59
222,1,6,27,7
223,1,6,27,50
224,1,6,27,45
225,0,6,26,52
226,0,6,26,61
227,1,6,26,68
228,1,6,26,76
229,0,6,25,72
230,1,6,25,72
231,1,6,25,4
232,1,6,25,46
233,0,6,24,67
234,1,6,24,46
235,0,6,24,52
236,1,6,24,54
237,0,6,23,73
238,1,6,23,52
239,1,6,23,71
240,1,6,23,64
241,1,6,22,8
242,1,6,22,62
243,0,6,22,82
244,0,6,22,57
245,1,6,21,16
246,1,6,21,123
247,1,6,21,104
248,0,6,21,159
249,1,6,20,95
250,1,6,20,129
251,0,6,20,43
252,0,6,20,59
253,0,6,19,6
254,1,6,19,115
255,0,6,19,28
256,1,6,19,71
257,0,6,18,25
258,1,6,18,30
259,1,6,18,26
260,1,6,18,116
261,1,6,17,13
262,1,6,17,6
263,1,6,17,8
264,0,6,17,8
265,0,6,16,15
266,0,6,16,103
267,1,6,16,81
268,1,6,16,81
269,1,6,15,7
270,1,6,15,91
271,0,6,15,60
272,0,6,15,29
273,0,6,14,90
274,1,6,14,90
275,1,6,14,71
276,1,6,14,67
277,1,6,13,63
278,1,6,13,52
279,0,6,13,51
280,1,6,13,75
281,1,6,12,13
282,1,6,12,76
283,1,6,12,64
284,0,6,12,23
285,1,6,11,80
286,0,6,11,100
287,1,6,11,59
288,0,6,11,85
289,1,6,10,61
290,1,6,10,65
291,1,6,10,71
292,0,6,10,46
293,0,6,9,52
294,1,6,9,17
295,0,6,9,67
296,1,6,9,47
297,1,6,8,53
298,0,6,8,64
299,0,6,8,39
300,1,6,8,62
301,1,6,7,11
302,1,6,7,83
303,1,6,7,87
304,0,6,7,86
305,0,6,6,7
306,1,6,6,61
307,1,6,6,59
308,0,6,6,13
309,0,6,5,64
310,1,6,5,37
311,0,6,5,15
312,1,6,5,17
313,1,6,4,58
314,0,6,4,13
315,1,6,4,39
316,0,6,4,15
317,0,6,3,70
318,1,6,3,65
319,0,6,3,55
320,0,6,3,61
321,1,6,2,66
322,1,6,2,50
323,0,6,2,68
324,0,6,2,17
325,0,6,1,9
326,1,6,1,54
327,0,6,1,9
328,1,6,1,71
329,0,5,29,5
330,1,5,29,8
331,1,5,29,19
332,0,5,29,14
333,1,5,28,9
334,1,5,28,9
335,0,5,28,27
336,1,5,28,65
337,1,5,27,7
338,1,5,27,11
339,0,5,27,7
340,0,5,27,7
341,1,5,26,23
342,0,5,26,14
343,0,5,26,5
344,1,5,26,9
345,0,5,25,11
346,1,5,25,67
347,0,5,25,28
348,1,5,25,12
349,1,5,24,13
350,1,5,24,23
351,0,5,24,23
352,0,5,24,15
353,1,5,23,70
354,1,5,23,11
355,0,5,23,5
356,1,5,23,9
357,0,5,22,15
358,1,5,22,11
359,1,5,22,25
360,1,5,22,17
361,1,5,21,13
362,1,5,21,11
363,0,5,21,15
364,1,5,21,11
365,1,5,20,11
366,0,5,20,21
367,1,5,20,7
368,1,5,20,8
369,1,5,19,63
370,0,5,19,21
371,0,5,19,21
372,1,5,19,29
373,1,5,18,17
374,0,5,18,31
375,0,5,18,4
376,0,5,18,27
377,0,5,17,29
378,0,5,17,13
379,1,5,17,11
380,1,5,17,21
381,0,5,16,30
382,1,5,16,26
383,0,5,16,10
384,1,5,16,25
385,0,5,15,11
386,1,5,15,7
387,0,5,15,7
388,1,5,15,13
389,0,5,14,17
390,0,5,14,35
391,1,5,14,17
392,1,5,14,11
393,0,5,13,25
394,0,5,13,13
395,1,5,13,19
396,1,5,13,17
397,0,5,12,59
398,0,5,12,54
399,1,5,12,7
400,1,5,12,56
401,1,5,11,33
402,0,5,11,19
403,0,5,11,11
404,0,5,11,17
405,0,5,10,7
406,1,5,10,7
407,1,5,10,28
408,1,5,10,15
409,0,5,9,25
410,0,5,9,31
411,0,5,9,17
412,0,5,9,19
413,0,5,8,60
414,1,5,8,22
415,0,5,8,58
416,0,5,8,7
417,1,5,7,18
418,1,5,7,9
419,0,5,7,9
420,1,5,7,15
421,0,5,6,18
422,1,5,6,62
423,1,5,6,14
424,1,5,6,15
425,0,5,5,13
426,0,5,5,29
427,1,5,5,8
428,1,5,5,19
429,1,5,4,13
430,0,5,4,9
431,1,5,4,9
432,0,5,4,11
433,0,5,3,9
434,0,5,3,25
435,1,5,3,17
436,1,5,3,10
437,1,5,2,7
438,1,5,2,11
439,0,5,2,11
440,0,5,2,5
441,0,5,1,5
442,1,5,1,13
443,0,5,1,21
444,1,5,1,5
445,1,4,26,3
446,0,4,26,8
447,1,4,26,14
448,1,4,26,7
449,0,4,25,10
450,1,4,25,59
451,1,4,25,5
452,0,4,25,15
453,1,4,24,4
454,1,4,24,21
455,0,4,24,9
456,0,4,24,9
457,1,4,23,72
458,1,4,23,72
459,0,4,23,11
460,1,4,23,61
461,1,4,22,7
462,0,4,22,7
463,0,4,22,11
464,1,4,22,7
465,1,4,21,116
466,1,4,21,9
467,1,4,21,13
468,0,4,21,7
469,1,4,20,62
470,1,4,20,77
471,1,4,20,4
472,0,4,20,37
473,0,4,19,7
474,0,4,19,23
475,1,4,19,20
476,1,4,19,25
477,1,4,18,15
478,0,4,18,13
479,1,4,18,3
480,0,4,18,15
481,0,4,17,7
482,0,4,17,7
483,0,4,17,13
484,0,4,17,51
485,0,4,16,3
486,1,4,16,9
487,0,4,16,7
488,1,4,16,8
489,1,4,15,57
490,1,4,15,57
491,0,4,15,15
492,0,4,15,9
493,0,4,14,8
494,0,4,14,15
495,1,4,14,71
496,0,4,14,74
497,1,4,13,99
498,0,4,13,33
499,1,4,13,21
500,1,4,13,13
501,0,4,12,21
502,0,4,12,9
503,1,4,12,10
504,1,4,12,7
505,0,4,11,9
506,0,4,11,37
507,1,4,11,9
508,1,4,11,11
509,0,4,10,9
510,0,4,10,21
511,1,4,10,91
512,0,4,10,13
513,1,4,9,7
514,1,4,9,67
515,0,4,9,15
516,0,4,9,11
517,1,4,8,23
518,0,4,8,19
519,1,4,8,7
520,1,4,7,9
521,1,4,7,59
522,0,4,7,5
523,0,4,7,7
524,1,4,6,11
525,0,4,6,11
526,0,4,6,5
527,1,4,6,8
528,1,4,5,13
529,1,4,5,7
530,0,4,5,21
531,0,4,5,7
532,1,4,4,8
533,1,4,4,19
534,0,4,4,27
535,0,4,4,62
536,0,4,3,53
537,0,4,3,9
538,1,4,3,72
539,1,4,3,14
540,0,4,2,17
541,1,4,2,19
542,0,4,2,81
543,1,4,2,7
544,1,4,1,19
545,0,4,1,20
546,1,4,1,9
547,0,4,1,11
548,0,3,15,11
549,1,3,15,13
550,0,3,15,9
551,1,3,15,17
552,1,3,14,18
553,0,3,14,7
554,1,3,14,9
555,1,3,14,12
556,0,3,13,11
557,1,3,13,15
558,0,3,13,10
559,1,3,13,5
560,0,3,12,5
561,1,3,12,68
562,1,3,12,15
563,0,3,12,10
564,0,3,11,3
565,0,3,11,26
566,0,3,11,14
567,0,3,11,21
568,0,3,10,4
569,0,3,10,4
570,1,3,10,15
571,0,3,10,7
572,0,3,9,19
573,1,3,9,6
574,1,3,9,4
575,0,3,9,8
576,1,3,8,5
577,1,3,8,6
578,0,3,8,10
579,0,3,8,9
580,1,3,7,4
581,0,3,7,5
582,0,3,7,11
583,1,3,7,6
584,0,3,6,13
585,0,3,6,9
586,1,3,6,17
587,1,3,6,9
588,0,3,5,18
589,1,3,5,18
590,1,3,5,5
591,1,3,5,11
592,0,3,4,11
593,1,3,4,27
594,0,3,4,11
595,1,3,4,17
596,1,3,3,85
597,0,3,3,13
598,0,3,3,11
599,1,3,3,11
600,1,3,2,21
601,0,3,2,58
602,0,3,2,23
603,0,3,2,9
604,0,3,1,9
605,1,3,1,8
606,0,3,1,8
607,1,3,1,5
608,1,2,8,13
609,1,2,8,6
610,1,2,8,4
611,0,2,8,9
612,0,2,7,7
613,1,2,7,5
614,0,2,7,7
615,1,2,7,6
616,0,2,6,6
617,1,2,6,11
618,1,2,6,7
619,0,2,6,11
620,0,2,5,2
621,0,2,5,26
622,1,2,5,11
623,1,2,5,5
624,1,2,4,13
625,0,2,4,3
626,1,2,4,7
627,0,2,4,15
628,1,2,3,8
629,1,2,3,14
630,1,2,3,6
631,0,2,3,5
632,1,2,2,10
633,1,2,2,8
634,0,2,2,3
635,0,2,2,10
636,0,2,1,5
637,0,2,1,10
638,0,2,1,4
639,1,2,1,6
640,1,1,15,11
641,1,1,15,8
642,0,1,15,14
643,0,1,15,8
644,1,1,14,19
645,0,1,14,11
646,0,1,14,15
647,1,1,14,23
648,1,1,13,15
649,0,1,13,7
650,0,1,13,11
651,0,1,13,11
652,1,1,12,12
653,0,1,12,13
654,0,1,12,5
655,1,1,12,5
656,1,1,11,23
657,0,1,11,23
658,0,1,11,13
659,1,1,11,13
660,0,1,10,7
661,1,1,10,10
662,0,1,10,11
663,1,1,10,8
664,0,1,10,6
665,1,1,9,3
666,0,1,9,13
667,1,1,9,17
668,0,1,9,31
669,1,1,8,25
670,0,1,8,19
671,1,1,8,19
672,0,1,8,13
673,0,1,7,17
674,0,1,7,8
675,1,1,7,31
676,1,1,7,25
677,1,1,6,69
678,0,1,6,5
679,1,1,6,20
680,0,1,6,25
681,0,1,6,9
682,1,1,5,15
683,0,1,5,15
684,0,1,5,9
685,0,1,5,19
686,1,1,5,33
687,0,1,4,14
688,1,1,4,8
689,1,1,4,21
690,0,1,4,5
691,0,1,4,8
692,0,1,3,22
693,0,1,3,6
694,1,1,3,29
695,1,1,3,5
696,0,1,3,21
697,1,1,2,9
698,1,1,2,50
699,0,1,2,13
700,0,1,2,29
701,0,1,2,13
702,1,1,1,45
703,0,1,1,39
704,0,1,1,24
705,1,1,1,3
706,0,1,1,15
